Orlando City,Philadelphia Union
0.5527243015361816,0.2014247699638952
0.3277080011434865,0.3227508284039459
0.0971483737145122,0.25857817103155967
0.019199625850742637,0.13810999001856028
0.0028458451133606473,0.05532476678183744
0.00033745800974243153,0.01772980980769524
